<?xml version="1.0" encoding="UTF-8"?>
<openerp>
    <data noupdate="0">

        <!-- account.tax.code.template -->
        <record id="atctn_I" model="account.tax.code.template">
            <field name="name">Plan de Taxes Belge</field>
            <field name="code">I</field>
            <field name="sign">0</field>
            <field name="notprintable" eval="0"/>
        </record>
        <record id="atctn_II" model="account.tax.code.template">
            <field name="name">Opérations à la sortie</field>
            <field name="code">II</field>
            <field name="sign">0</field>
            <field name="parent_id" ref="atctn_I"/>
            <field name="notprintable" eval="0"/>
        </record>
        <record id="atctn_IIA" model="account.tax.code.template">
            <field name="name">Opérations soumises à un régime particulier</field>
            <field name="code">II. A</field>
            <field name="sign">1</field>
            <field name="parent_id" ref="atctn_II"/>
            <field name="notprintable" eval="0"/>
        </record>
        <record id="atctn_00" model="account.tax.code.template">
            <field name="name">Opérations soumises à un régime particulier</field>
            <field name="code">00</field>
            <field name="sign">1</field>
            <field name="parent_id" ref="atctn_IIA"/>
            <field name="notprintable" eval="0"/>
        </record>
        <record id="atctn_IIB" model="account.tax.code.template">
            <field name="name">TVA due par le déclarant</field>
            <field name="code">II. B</field>
            <field name="sign">1</field>
            <field name="parent_id" ref="atctn_II"/>
            <field name="notprintable" eval="0"/>
        </record>
        <record id="atctn_01" model="account.tax.code.template">
            <field name="name">Opérations avec TVA à 6%</field>
            <field name="code">01</field>
            <field name="sign">1</field>
            <field name="parent_id" ref="atctn_IIB"/>
            <field name="notprintable" eval="0"/>
        </record>
        <record id="atctn_02" model="account.tax.code.template">
            <field name="name">Opérations avec TVA à 12%</field>
            <field name="code">02</field>
            <field name="sign">1</field>
            <field name="parent_id" ref="atctn_IIB"/>
            <field name="notprintable" eval="0"/>
        </record>
        <record id="atctn_03" model="account.tax.code.template">
            <field name="name">Opérations avec TVA à 21%</field>
            <field name="code">03</field>
            <field name="sign">1</field>
            <field name="parent_id" ref="atctn_IIB"/>
            <field name="notprintable" eval="0"/>
        </record>
        <record id="atctn_IIC" model="account.tax.code.template">
            <field name="name">TVA étrangère due par le cocontractant</field>
            <field name="code">II. C</field>
            <field name="sign">1</field>
            <field name="parent_id" ref="atctn_II"/>
            <field name="notprintable" eval="0"/>
        </record>
        <record id="atctn_44" model="account.tax.code.template">
            <field name="name">Services intra-communautaires</field>
            <field name="code">44</field>
            <field name="sign">1</field>
            <field name="parent_id" ref="atctn_IIC"/>
            <field name="notprintable" eval="0"/>
        </record>
        <record id="atctn_IID" model="account.tax.code.template">
            <field name="name">Opérations avec TVA due par le cocontractant</field>
            <field name="code">II. D</field>
            <field name="sign">1</field>
            <field name="parent_id" ref="atctn_II"/>
            <field name="notprintable" eval="0"/>
        </record>
        <record id="atctn_45" model="account.tax.code.template">
            <field name="name">Opérations avec TVA due par le cocontractant</field>
            <field name="code">45</field>
            <field name="sign">1</field>
            <field name="parent_id" ref="atctn_IID"/>
            <field name="notprintable" eval="0"/>
        </record>
        <record id="atctn_IIE" model="account.tax.code.template">
            <field name="name">Livraisons intra-communautaire exemptées</field>
            <field name="code">II. E</field>
            <field name="sign">1</field>
            <field name="parent_id" ref="atctn_II"/>
            <field name="notprintable" eval="0"/>
        </record>
        <record id="atctn_46" model="account.tax.code.template">
            <field name="name">Livraisons intra-communautaire exemptées</field>
            <field name="code">46</field>
            <field name="sign">1</field>
            <field name="parent_id" ref="atctn_IIE"/>
            <field name="notprintable" eval="0"/>
        </record>
        <record id="atctn_46L" model="account.tax.code.template">
            <field name="name">Livraisons biens intra-communautaire exemptées</field>
            <field name="code">46L</field>
            <field name="sign">1</field>
            <field name="parent_id" ref="atctn_46"/>
            <field name="notprintable" eval="0"/>
        </record>
        <record id="atctn_46T" model="account.tax.code.template">
            <field name="name">ABC intra-communautaires</field>
            <field name="code">46T</field>
            <field name="sign">1</field>
            <field name="parent_id" ref="atctn_46"/>
            <field name="notprintable" eval="0"/>
        </record>
        <record id="atctn_IIF" model="account.tax.code.template">
            <field name="name">Autres opérations exemptées</field>
            <field name="code">II. F</field>
            <field name="sign">1</field>
            <field name="parent_id" ref="atctn_II"/>
            <field name="notprintable" eval="0"/>
        </record>
        <record id="atctn_47" model="account.tax.code.template">
            <field name="name">Autres opérations exemptées</field>
            <field name="code">47</field>
            <field name="sign">1</field>
            <field name="parent_id" ref="atctn_IIF"/>
            <field name="notprintable" eval="0"/>
        </record>
        <record id="atctn_IIG" model="account.tax.code.template">
            <field name="name">Notes de crédit délivrées et corrections négatives</field>
            <field name="code">II. G</field>
            <field name="sign">1</field>
            <field name="parent_id" ref="atctn_II"/>
            <field name="notprintable" eval="0"/>
        </record>
        <record id="atctn_48" model="account.tax.code.template">
            <field name="name">Notes de crédit aux opérations grilles [44] et [46]</field>
            <field name="code">48</field>
            <field name="sign">-1</field>
            <field name="parent_id" ref="atctn_IIG"/>
            <field name="notprintable" eval="0"/>
        </record>
        <record id="atctn_48s44" model="account.tax.code.template">
            <field name="name">Notes de crédit aux opérations grille [44]</field>
            <field name="code">48s44</field>
            <field name="sign">1</field>
            <field name="parent_id" ref="atctn_48"/>
            <field name="notprintable" eval="0"/>
        </record>
        <record id="atctn_48s46L" model="account.tax.code.template">
            <field name="name">Notes de crédit aux opérations grille [46L]</field>
            <field name="code">48s46L</field>
            <field name="sign">1</field>
            <field name="parent_id" ref="atctn_48"/>
            <field name="notprintable" eval="0"/>
        </record>
        <record id="atctn_48s46T" model="account.tax.code.template">
            <field name="name">Notes de crédit aux opérations grille [46T]</field>
            <field name="code">48s46T</field>
            <field name="sign">1</field>
            <field name="parent_id" ref="atctn_48"/>
            <field name="notprintable" eval="0"/>
        </record>
        <record id="atctn_49" model="account.tax.code.template">
            <field name="name">Notes de crédit aux opérations du point II</field>
            <field name="code">49</field>
            <field name="sign">-1</field>
            <field name="parent_id" ref="atctn_IIG"/>
            <field name="notprintable" eval="0"/>
        </record>
        <record id="atctn_III" model="account.tax.code.template">
            <field name="name">Opérations a l'entrée</field>
            <field name="code">III</field>
            <field name="sign">0</field>
            <field name="parent_id" ref="atctn_I"/>
            <field name="notprintable" eval="0"/>
        </record>
        <record id="atctn_IIIA" model="account.tax.code.template">
            <field name="name">Opérations à l'entrée y compris notes de crédit et corrections</field>
            <field name="code">III. A</field>
            <field name="sign">1</field>
            <field name="parent_id" ref="atctn_III"/>
            <field name="notprintable" eval="0"/>
        </record>
        <record id="atctn_81" model="account.tax.code.template">
            <field name="name">Marchandises, matières premières et auxiliaires</field>
            <field name="code">81</field>
            <field name="sign">1</field>
            <field name="parent_id" ref="atctn_IIIA"/>
            <field name="notprintable" eval="0"/>
        </record>
        <record id="atctn_82" model="account.tax.code.template">
            <field name="name">Services et biens divers</field>
            <field name="code">82</field>
            <field name="sign">1</field>
            <field name="parent_id" ref="atctn_IIIA"/>
            <field name="notprintable" eval="0"/>
        </record>
        <record id="atctn_83" model="account.tax.code.template">
            <field name="name">Biens d'investissement</field>
            <field name="code">83</field>
            <field name="sign">1</field>
            <field name="parent_id" ref="atctn_IIIA"/>
            <field name="notprintable" eval="0"/>
        </record>
        <record id="atctn_IIIB" model="account.tax.code.template">
            <field name="name">Notes de crédit reçues et corrections négatives</field>
            <field name="code">III. B</field>
            <field name="sign">0</field>
            <field name="parent_id" ref="atctn_III"/>
            <field name="notprintable" eval="0"/>
        </record>
        <record id="atctn_84" model="account.tax.code.template">
            <field name="name">Notes de crédits sur opérations case [86] et [88]</field>
            <field name="code">84</field>
            <field name="sign">1</field>
            <field name="parent_id" ref="atctn_IIIB"/>
            <field name="notprintable" eval="0"/>
        </record>
        <record id="atctn_85" model="account.tax.code.template">
            <field name="name">Notes de crédits autres opérations</field>
            <field name="code">85</field>
            <field name="sign">1</field>
            <field name="parent_id" ref="atctn_IIIB"/>
            <field name="notprintable" eval="0"/>
        </record>
        <record id="atctn_IIIC" model="account.tax.code.template">
            <field name="name">Acquisition intra-communautaires et ventes ABC</field>
            <field name="code">III. C</field>
            <field name="sign">0</field>
            <field name="parent_id" ref="atctn_III"/>
            <field name="notprintable" eval="0"/>
        </record>
        <record id="atctn_86" model="account.tax.code.template">
            <field name="name">Acquisition intra-communautaires et ventes ABC</field>
            <field name="code">86</field>
            <field name="sign">1</field>
            <field name="parent_id" ref="atctn_IIIC"/>
            <field name="notprintable" eval="0"/>
        </record>
        <record id="atctn_IIID" model="account.tax.code.template">
            <field name="name">Autres opérations à l'entrée avec TVA due par le déclarant</field>
            <field name="code">III. D</field>
            <field name="sign">0</field>
            <field name="parent_id" ref="atctn_III"/>
            <field name="notprintable" eval="0"/>
        </record>
        <record id="atctn_87" model="account.tax.code.template">
            <field name="name">Autres opérations</field>
            <field name="code">87</field>
            <field name="sign">1</field>
            <field name="parent_id" ref="atctn_IIID"/>
            <field name="notprintable" eval="0"/>
        </record>
        <record id="atctn_IIIE" model="account.tax.code.template">
            <field name="name">Services intracommunautaires avec report de perception</field>
            <field name="code">III. E</field>
            <field name="sign">0</field>
            <field name="parent_id" ref="atctn_III"/>
            <field name="notprintable" eval="0"/>
        </record>
        <record id="atctn_88" model="account.tax.code.template">
            <field name="name">Acquisition services intra-communautaires</field>
            <field name="code">88</field>
            <field name="sign">1</field>
            <field name="parent_id" ref="atctn_IIIE"/>
            <field name="notprintable" eval="0"/>
        </record>
        <record id="atctn_VI" model="account.tax.code.template">
            <field name="name">Solde (71-72)</field>
            <field name="code">VI</field>
            <field name="sign">0</field>
            <field name="parent_id" ref="atctn_I"/>
            <field name="notprintable" eval="0"/>
        </record>
        <record id="atctn_XX" model="account.tax.code.template">
            <field name="name">A payer - Total</field>
            <field name="code">XX</field>
            <field name="sign">1</field>
            <field name="parent_id" ref="atctn_VI"/>
            <field name="notprintable" eval="0"/>
        </record>
        <record id="atctn_IVA" model="account.tax.code.template">
            <field name="name">TVA aux opérations en grilles 01, 02, 03, 86 et 87</field>
            <field name="code">IV. A</field>
            <field name="sign">1</field>
            <field name="parent_id" ref="atctn_XX"/>
            <field name="notprintable" eval="0"/>
        </record>
        <record id="atctn_54" model="account.tax.code.template">
            <field name="name">TVA sur opérations des grilles [01], [02], [03]</field>
            <field name="code">54</field>
            <field name="sign">1</field>
            <field name="parent_id" ref="atctn_IVA"/>
            <field name="notprintable" eval="0"/>
        </record>
        <record id="atctn_55" model="account.tax.code.template">
            <field name="name">TVA sur opérations des grilles [86] et [88]</field>
            <field name="code">55</field>
            <field name="sign">1</field>
            <field name="parent_id" ref="atctn_IVA"/>
            <field name="notprintable" eval="0"/>
        </record>
        <record id="atctn_56" model="account.tax.code.template">
            <field name="name">TVA sur opérations de la grille [87]</field>
            <field name="code">56</field>
            <field name="sign">1</field>
            <field name="parent_id" ref="atctn_IVA"/>
            <field name="notprintable" eval="0"/>
        </record>
        <record id="atctn_IVB" model="account.tax.code.template">
            <field name="name">TVA relatives aux importations</field>
            <field name="code">IV. B</field>
            <field name="sign">1</field>
            <field name="parent_id" ref="atctn_XX"/>
            <field name="notprintable" eval="0"/>
        </record>
        <record id="atctn_57" model="account.tax.code.template">
            <field name="name">TVA relatives aux importations</field>
            <field name="code">57</field>
            <field name="sign">1</field>
            <field name="parent_id" ref="atctn_IVB"/>
            <field name="notprintable" eval="0"/>
        </record>
        <record id="atctn_IVC" model="account.tax.code.template">
            <field name="name">Diverses régularisations en faveur de l'Etat</field>
            <field name="code">IV. C</field>
            <field name="sign">1</field>
            <field name="parent_id" ref="atctn_XX"/>
            <field name="notprintable" eval="0"/>
        </record>
        <record id="atctn_61" model="account.tax.code.template">
            <field name="name">Diverses régularisations en faveur de l'Etat</field>
            <field name="code">61</field>
            <field name="sign">1</field>
            <field name="parent_id" ref="atctn_IVC"/>
            <field name="notprintable" eval="0"/>
        </record>
        <record id="atctn_IVD" model="account.tax.code.template">
            <field name="name">TVA à reverser sur notes de crédit reçues</field>
            <field name="code">IV. D</field>
            <field name="sign">1</field>
            <field name="parent_id" ref="atctn_XX"/>
            <field name="notprintable" eval="0"/>
        </record>
        <record id="atctn_63" model="account.tax.code.template">
            <field name="name">TVA à reverser sur notes de crédit reçues</field>
            <field name="code">63</field>
            <field name="sign">1</field>
            <field name="parent_id" ref="atctn_IVD"/>
            <field name="notprintable" eval="0"/>
        </record>
        <record id="atctn_YY" model="account.tax.code.template">
            <field name="name">A déduire - Total</field>
            <field name="code">YY</field>
            <field name="sign">-1</field>
            <field name="parent_id" ref="atctn_VI"/>
            <field name="notprintable" eval="0"/>
        </record>
        <record id="atctn_VA" model="account.tax.code.template">
            <field name="name">TVA déductible</field>
            <field name="code">V. A</field>
            <field name="sign">1</field>
            <field name="parent_id" ref="atctn_YY"/>
            <field name="notprintable" eval="0"/>
        </record>
        <record id="atctn_59" model="account.tax.code.template">
            <field name="name">TVA déductible</field>
            <field name="code">59</field>
            <field name="sign">1</field>
            <field name="parent_id" ref="atctn_VA"/>
            <field name="notprintable" eval="0"/>
        </record>
        <record id="atctn_VB" model="account.tax.code.template">
            <field name="name">Régularisations TVA en faveur du déclarant</field>
            <field name="code">V. B</field>
            <field name="sign">1</field>
            <field name="parent_id" ref="atctn_YY"/>
            <field name="notprintable" eval="0"/>
        </record>
        <record id="atctn_62" model="account.tax.code.template">
            <field name="name">Régularisations TVA en faveur du déclarant</field>
            <field name="code">62</field>
            <field name="sign">1</field>
            <field name="parent_id" ref="atctn_VB"/>
            <field name="notprintable" eval="0"/>
        </record>
        <record id="atctn_VC" model="account.tax.code.template">
            <field name="name">TVA à recuperer sur notes de crédit delivrées</field>
            <field name="code">V. C</field>
            <field name="sign">1</field>
            <field name="parent_id" ref="atctn_YY"/>
            <field name="notprintable" eval="0"/>
        </record>
        <record id="atctn_64" model="account.tax.code.template">
            <field name="name">TVA à recuperer sur notes de crédit delivrées</field>
            <field name="code">64</field>
            <field name="sign">1</field>
            <field name="parent_id" ref="atctn_VC"/>
            <field name="notprintable" eval="0"/>
        </record>
        <record id="atctn_VII" model="account.tax.code.template">
            <field name="name">Acompte</field>
            <field name="code">VII</field>
            <field name="sign">0</field>
            <field name="parent_id" ref="atctn_I"/>
            <field name="notprintable" eval="0"/>
        </record>
        <record id="atctn_91" model="account.tax.code.template">
            <field name="name">TVA due pour la période du 1er au 20 décembre</field>
            <field name="code">91</field>
            <field name="sign">1</field>
            <field name="parent_id" ref="atctn_VII"/>
            <field name="notprintable" eval="0"/>
        </record>

   </data>
</openerp>
