<?xml version="1.0" encoding="UTF-8"?>
<openerp>
    <data noupdate="0">

        <!-- account.fiscal.position.tax.template -->
        <record id="afpttn_intracom_1" model="account.fiscal.position.tax.template">
            <field name="position_id" ref="fiscal_position_template_3"/>
            <field name="tax_src_id" ref="attn_VAT-OUT-00-S"/>
            <field name="tax_dest_id" ref="attn_VAT-OUT-00-EU-S"/>
        </record>
        <record id="afpttn_intracom_2" model="account.fiscal.position.tax.template">
            <field name="position_id" ref="fiscal_position_template_3"/>
            <field name="tax_src_id" ref="attn_VAT-OUT-00-L"/>
            <field name="tax_dest_id" ref="attn_VAT-OUT-00-EU-L"/>
        </record>
        <record id="afpttn_intracom_3" model="account.fiscal.position.tax.template">
            <field name="position_id" ref="fiscal_position_template_3"/>
            <field name="tax_src_id" ref="attn_VAT-OUT-06-S"/>
            <field name="tax_dest_id" ref="attn_VAT-OUT-00-EU-S"/>
        </record>
        <record id="afpttn_intracom_4" model="account.fiscal.position.tax.template">
            <field name="position_id" ref="fiscal_position_template_3"/>
            <field name="tax_src_id" ref="attn_VAT-OUT-06-L"/>
            <field name="tax_dest_id" ref="attn_VAT-OUT-00-EU-L"/>
        </record>
        <record id="afpttn_intracom_5" model="account.fiscal.position.tax.template">
            <field name="position_id" ref="fiscal_position_template_3"/>
            <field name="tax_src_id" ref="attn_VAT-OUT-12-S"/>
            <field name="tax_dest_id" ref="attn_VAT-OUT-00-EU-S"/>
        </record>
        <record id="afpttn_intracom_6" model="account.fiscal.position.tax.template">
            <field name="position_id" ref="fiscal_position_template_3"/>
            <field name="tax_src_id" ref="attn_VAT-OUT-12-L"/>
            <field name="tax_dest_id" ref="attn_VAT-OUT-00-EU-L"/>
        </record>
        <record id="afpttn_intracom_7" model="account.fiscal.position.tax.template">
            <field name="position_id" ref="fiscal_position_template_3"/>
            <field name="tax_src_id" ref="attn_VAT-OUT-21-S"/>
            <field name="tax_dest_id" ref="attn_VAT-OUT-00-EU-S"/>
        </record>
        <record id="afpttn_intracom_8" model="account.fiscal.position.tax.template">
            <field name="position_id" ref="fiscal_position_template_3"/>
            <field name="tax_src_id" ref="attn_VAT-OUT-21-L"/>
            <field name="tax_dest_id" ref="attn_VAT-OUT-00-EU-L"/>
        </record>
        <record id="afpttn_intracom_9" model="account.fiscal.position.tax.template">
            <field name="position_id" ref="fiscal_position_template_3"/>
            <field name="tax_src_id" ref="attn_VAT-IN-V81-00"/>
            <field name="tax_dest_id" ref="attn_VAT-IN-V81-00-EU"/>
        </record>
        <record id="afpttn_intracom_10" model="account.fiscal.position.tax.template">
            <field name="position_id" ref="fiscal_position_template_3"/>
            <field name="tax_src_id" ref="attn_VAT-IN-V81-06"/>
            <field name="tax_dest_id" ref="attn_VAT-IN-V81-06-EU"/>
        </record>
        <record id="afpttn_intracom_11" model="account.fiscal.position.tax.template">
            <field name="position_id" ref="fiscal_position_template_3"/>
            <field name="tax_src_id" ref="attn_VAT-IN-V81-12"/>
            <field name="tax_dest_id" ref="attn_VAT-IN-V81-12-EU"/>
        </record>
        <record id="afpttn_intracom_12" model="account.fiscal.position.tax.template">
            <field name="position_id" ref="fiscal_position_template_3"/>
            <field name="tax_src_id" ref="attn_VAT-IN-V81-21"/>
            <field name="tax_dest_id" ref="attn_VAT-IN-V81-21-EU"/>
        </record>
        <record id="afpttn_intracom_13" model="account.fiscal.position.tax.template">
            <field name="position_id" ref="fiscal_position_template_3"/>
            <field name="tax_src_id" ref="attn_VAT-IN-V82-00-S"/>
            <field name="tax_dest_id" ref="attn_VAT-IN-V82-00-EU-S"/>
        </record>
        <record id="afpttn_intracom_14" model="account.fiscal.position.tax.template">
            <field name="position_id" ref="fiscal_position_template_3"/>
            <field name="tax_src_id" ref="attn_VAT-IN-V82-00-G"/>
            <field name="tax_dest_id" ref="attn_VAT-IN-V82-00-EU-G"/>
        </record>
        <record id="afpttn_intracom_15" model="account.fiscal.position.tax.template">
            <field name="position_id" ref="fiscal_position_template_3"/>
            <field name="tax_src_id" ref="attn_VAT-IN-V82-06-S"/>
            <field name="tax_dest_id" ref="attn_VAT-IN-V82-06-EU-S"/>
        </record>
        <record id="afpttn_intracom_16" model="account.fiscal.position.tax.template">
            <field name="position_id" ref="fiscal_position_template_3"/>
            <field name="tax_src_id" ref="attn_VAT-IN-V82-06-G"/>
            <field name="tax_dest_id" ref="attn_VAT-IN-V82-06-EU-G"/>
        </record>
        <record id="afpttn_intracom_17" model="account.fiscal.position.tax.template">
            <field name="position_id" ref="fiscal_position_template_3"/>
            <field name="tax_src_id" ref="attn_VAT-IN-V82-12-S"/>
            <field name="tax_dest_id" ref="attn_VAT-IN-V82-12-EU-S"/>
        </record>
        <record id="afpttn_intracom_18" model="account.fiscal.position.tax.template">
            <field name="position_id" ref="fiscal_position_template_3"/>
            <field name="tax_src_id" ref="attn_VAT-IN-V82-12-G"/>
            <field name="tax_dest_id" ref="attn_VAT-IN-V82-12-EU-G"/>
        </record>
        <record id="afpttn_intracom_19" model="account.fiscal.position.tax.template">
            <field name="position_id" ref="fiscal_position_template_3"/>
            <field name="tax_src_id" ref="attn_VAT-IN-V82-21-S"/>
            <field name="tax_dest_id" ref="attn_VAT-IN-V82-21-EU-S"/>
        </record>
        <record id="afpttn_intracom_20" model="account.fiscal.position.tax.template">
            <field name="position_id" ref="fiscal_position_template_3"/>
            <field name="tax_src_id" ref="attn_VAT-IN-V82-21-G"/>
            <field name="tax_dest_id" ref="attn_VAT-IN-V82-21-EU-G"/>
        </record>
        <record id="afpttn_intracom_21" model="account.fiscal.position.tax.template">
            <field name="position_id" ref="fiscal_position_template_3"/>
            <field name="tax_src_id" ref="attn_VAT-IN-V83-00"/>
            <field name="tax_dest_id" ref="attn_VAT-IN-V83-00-EU"/>
        </record>
        <record id="afpttn_intracom_22" model="account.fiscal.position.tax.template">
            <field name="position_id" ref="fiscal_position_template_3"/>
            <field name="tax_src_id" ref="attn_VAT-IN-V83-06"/>
            <field name="tax_dest_id" ref="attn_VAT-IN-V83-06-EU"/>
        </record>
        <record id="afpttn_intracom_23" model="account.fiscal.position.tax.template">
            <field name="position_id" ref="fiscal_position_template_3"/>
            <field name="tax_src_id" ref="attn_VAT-IN-V83-12"/>
            <field name="tax_dest_id" ref="attn_VAT-IN-V83-12-EU"/>
        </record>
        <record id="afpttn_intracom_24" model="account.fiscal.position.tax.template">
            <field name="position_id" ref="fiscal_position_template_3"/>
            <field name="tax_src_id" ref="attn_VAT-IN-V83-21"/>
            <field name="tax_dest_id" ref="attn_VAT-IN-V83-21-EU"/>
        </record>
        <record id="afpttn_extracom_1" model="account.fiscal.position.tax.template">
            <field name="position_id" ref="fiscal_position_template_2"/>
            <field name="tax_src_id" ref="attn_VAT-OUT-00-S"/>
            <field name="tax_dest_id" ref="attn_VAT-OUT-00-ROW"/>
        </record>
        <record id="afpttn_extracom_2" model="account.fiscal.position.tax.template">
            <field name="position_id" ref="fiscal_position_template_2"/>
            <field name="tax_src_id" ref="attn_VAT-OUT-00-L"/>
            <field name="tax_dest_id" ref="attn_VAT-OUT-00-ROW"/>
        </record>
        <record id="afpttn_extracom_3" model="account.fiscal.position.tax.template">
            <field name="position_id" ref="fiscal_position_template_2"/>
            <field name="tax_src_id" ref="attn_VAT-OUT-06-S"/>
            <field name="tax_dest_id" ref="attn_VAT-OUT-00-ROW"/>
        </record>
        <record id="afpttn_extracom_4" model="account.fiscal.position.tax.template">
            <field name="position_id" ref="fiscal_position_template_2"/>
            <field name="tax_src_id" ref="attn_VAT-OUT-06-L"/>
            <field name="tax_dest_id" ref="attn_VAT-OUT-00-ROW"/>
        </record>
        <record id="afpttn_extracom_5" model="account.fiscal.position.tax.template">
            <field name="position_id" ref="fiscal_position_template_2"/>
            <field name="tax_src_id" ref="attn_VAT-OUT-12-S"/>
            <field name="tax_dest_id" ref="attn_VAT-OUT-00-ROW"/>
        </record>
        <record id="afpttn_extracom_6" model="account.fiscal.position.tax.template">
            <field name="position_id" ref="fiscal_position_template_2"/>
            <field name="tax_src_id" ref="attn_VAT-OUT-12-L"/>
            <field name="tax_dest_id" ref="attn_VAT-OUT-00-ROW"/>
        </record>
        <record id="afpttn_extracom_7" model="account.fiscal.position.tax.template">
            <field name="position_id" ref="fiscal_position_template_2"/>
            <field name="tax_src_id" ref="attn_VAT-OUT-21-S"/>
            <field name="tax_dest_id" ref="attn_VAT-OUT-00-ROW"/>
        </record>
        <record id="afpttn_extracom_8" model="account.fiscal.position.tax.template">
            <field name="position_id" ref="fiscal_position_template_2"/>
            <field name="tax_src_id" ref="attn_VAT-OUT-21-L"/>
            <field name="tax_dest_id" ref="attn_VAT-OUT-00-ROW"/>
        </record>
        <record id="afpttn_extracom_9" model="account.fiscal.position.tax.template">
            <field name="position_id" ref="fiscal_position_template_2"/>
            <field name="tax_src_id" ref="attn_VAT-IN-V81-06"/>
            <field name="tax_dest_id" ref="attn_VAT-IN-V81-06-ROW-CC"/>
        </record>
        <record id="afpttn_extracom_10" model="account.fiscal.position.tax.template">
            <field name="position_id" ref="fiscal_position_template_2"/>
            <field name="tax_src_id" ref="attn_VAT-IN-V81-12"/>
            <field name="tax_dest_id" ref="attn_VAT-IN-V81-12-ROW-CC"/>
        </record>
        <record id="afpttn_extracom_11" model="account.fiscal.position.tax.template">
            <field name="position_id" ref="fiscal_position_template_2"/>
            <field name="tax_src_id" ref="attn_VAT-IN-V81-21"/>
            <field name="tax_dest_id" ref="attn_VAT-IN-V81-21-ROW-CC"/>
        </record>
        <record id="afpttn_extracom_12" model="account.fiscal.position.tax.template">
            <field name="position_id" ref="fiscal_position_template_2"/>
            <field name="tax_src_id" ref="attn_VAT-IN-V82-06-S"/>
            <field name="tax_dest_id" ref="attn_VAT-IN-V82-06-ROW-CC"/>
        </record>
        <record id="afpttn_extracom_13" model="account.fiscal.position.tax.template">
            <field name="position_id" ref="fiscal_position_template_2"/>
            <field name="tax_src_id" ref="attn_VAT-IN-V82-06-G"/>
            <field name="tax_dest_id" ref="attn_VAT-IN-V82-06-ROW-CC"/>
        </record>
        <record id="afpttn_extracom_14" model="account.fiscal.position.tax.template">
            <field name="position_id" ref="fiscal_position_template_2"/>
            <field name="tax_src_id" ref="attn_VAT-IN-V82-12-S"/>
            <field name="tax_dest_id" ref="attn_VAT-IN-V82-12-ROW-CC"/>
        </record>
        <record id="afpttn_extracom_15" model="account.fiscal.position.tax.template">
            <field name="position_id" ref="fiscal_position_template_2"/>
            <field name="tax_src_id" ref="attn_VAT-IN-V82-12-G"/>
            <field name="tax_dest_id" ref="attn_VAT-IN-V82-12-ROW-CC"/>
        </record>
        <record id="afpttn_extracom_16" model="account.fiscal.position.tax.template">
            <field name="position_id" ref="fiscal_position_template_2"/>
            <field name="tax_src_id" ref="attn_VAT-IN-V82-21-S"/>
            <field name="tax_dest_id" ref="attn_VAT-IN-V82-21-ROW-CC"/>
        </record>
        <record id="afpttn_extracom_17" model="account.fiscal.position.tax.template">
            <field name="position_id" ref="fiscal_position_template_2"/>
            <field name="tax_src_id" ref="attn_VAT-IN-V82-21-G"/>
            <field name="tax_dest_id" ref="attn_VAT-IN-V82-21-ROW-CC"/>
        </record>
        <record id="afpttn_extracom_18" model="account.fiscal.position.tax.template">
            <field name="position_id" ref="fiscal_position_template_2"/>
            <field name="tax_src_id" ref="attn_VAT-IN-V83-06"/>
            <field name="tax_dest_id" ref="attn_VAT-IN-V83-06-ROW-CC"/>
        </record>
        <record id="afpttn_extracom_19" model="account.fiscal.position.tax.template">
            <field name="position_id" ref="fiscal_position_template_2"/>
            <field name="tax_src_id" ref="attn_VAT-IN-V83-12"/>
            <field name="tax_dest_id" ref="attn_VAT-IN-V83-12-ROW-CC"/>
        </record>
        <record id="afpttn_extracom_20" model="account.fiscal.position.tax.template">
            <field name="position_id" ref="fiscal_position_template_2"/>
            <field name="tax_src_id" ref="attn_VAT-IN-V83-21"/>
            <field name="tax_dest_id" ref="attn_VAT-IN-V83-21-ROW-CC"/>
        </record>

    </data>
</openerp>
