<?xml version="1.0"?>
<openerp>
	<data>


        <!--
	Sequences for declarantnum will be used in wizard for "Listing of VAT Customers"..in creating xml file
        -->
	<record model="ir.sequence.type" id="seq_type_declarantnum">
		<field name="name">Declarantnum</field>
		<field name="code">declarantnum</field>
	</record>
	<record model="ir.sequence" id="seq_declarantnum">
		<field name="name">Declarantnum</field>
		<field name="code">declarantnum</field>
		<field name="padding">5</field>
	</record>

	</data>
</openerp>
