<openerp>
    <data>

      <record id="config_call_account_template_l10n_be" model="ir.actions.todo">
        <field name="name">Generate Chart of Accounts from a Chart Template</field>
        <field name="note">
          Generate Chart of Accounts from a Chart Template.
          This is the same wizard that runs from Financial Management/Configuration/Financial Accounting/Financial Accounts/Generate Chart of Accounts from a Chart Template.
        </field>
        <field name="action_id" ref="account.action_wizard_multi_chart"/>
        <field name="type">automatic</field>
      </record>
      
    </data>
</openerp>
